{"ADV_StartButton":{"imageFilePath_":"Images/titleScene/AdventureButton.png","isVisible_":true,"layerNumber_":4,"objectName_":"ADV_StartButton","position_":[-0.10000000149011612,-0.699999988079071,0.0],"rotate_":[0.0,0.0,0.0],"scale_":[0.10000000149011612,0.10000000149011612,0.10000000149011612],"type_":1},"SCA_StartButton":{"imageFilePath_":"Images/titleScene/ScoreAttackButton.png","isVisible_":true,"layerNumber_":6,"objectName_":"SCA_StartButton","position_":[0.20000000298023224,-0.699999988079071,0.0],"rotate_":[0.0,0.0,0.0],"scale_":[0.10000000149011612,0.10000000149011612,0.0],"type_":1},"rankingButton":{"imageFilePath_":"Images/titleScene/rankingButton.png","isVisible_":true,"layerNumber_":3,"objectName_":"rankingButton","position_":[0.800000011920929,0.699999988079071,0.0],"rotate_":[0.0,0.0,0.0],"scale_":[0.10000000149011612,0.10000000149011612,1.0],"type_":1},"titleImage":{"imageFilePath_":"Images/titleScene/titleImage.png","isVisible_":true,"layerNumber_":1,"objectName_":"titleImage","position_":[0.0,0.0,0.0],"rotate_":[0.0,0.0,0.0],"scale_":[1.0,1.0,1.0],"type_":2}}
