{"00":{"ArrayPlace_X":0,"ArrayPlace_Y":0,"imageFilePath_":"Images/titleScene/Prottype_continuedButton.png","isVisible_":true,"layerNumber_":1,"objectName_":"00","position_":[0.0,0.0,0.0],"rotate_":[0.0,0.0,0.0],"scale_":[0.20000000298023224,0.20000000298023224,0.20000000298023224],"type_":1},"10":{"ArrayPlace_X":1,"ArrayPlace_Y":0,"imageFilePath_":"Images/titleScene/Prottype_startButton.png","isVisible_":true,"layerNumber_":2,"objectName_":"10","position_":[0.5,0.0,0.0],"rotate_":[0.0,0.0,0.0],"scale_":[0.20000000298023224,0.20000000298023224,0.20000000298023224],"type_":1}}
