{"position":[0.8598907589912415,-1.451979637145996,25.54972267150879],"target":[-0.028912842273712158,4.251979827880859,25.03656578063965]}
