{"position":[-4.715528964996338,-6.201979637145996,6.636754989624023],"target":[-5.710913181304932,-0.4980199337005615,6.886777877807617]}
