{"position":[-83.9243392944336,-0.4076344966888428,144.3517608642578],"target":[-88.66564178466797,8.007634162902832,144.41795349121094]}
