{"position":[27.043556213378906,-1.331563949584961,40.12578201293945],"target":[28.973670959472656,4.131564140319824,39.99419021606445]}
