{"position":[2.3699638843536377,2.1429896354675293,1.7573935985565186],"target":[-2.934061288833618,1.0570104122161865,-0.31055665016174316]}
