{"position":[3.3638193607330322,1.6575958728790283,-5.512275218963623],"target":[-0.9862091541290283,1.142404317855835,-1.717504858970642]}
