{"position":[-0.6496332883834839,-1.2141307592391968,-0.8115680813789368],"target":[0.7309061288833618,4.414130687713623,-0.7392179369926453]}
