{"position":[6.099780559539795,-1.4435676336288452,0.16823053359985352],"target":[7.1957926750183105,4.24356746673584,-0.04082298278808594]}
