{"position":[-3.029778003692627,-1.4519803524017334,11.454139709472656],"target":[-2.7486071586608887,4.251980781555176,10.467107772827148]}
