{"position":[12.852514266967773,-0.15270423889160156,7.673931121826172],"target":[9.873662948608398,2.9527041912078857,3.7917487621307373]}
