{"position":[6.160429000854492,-1.2022829055786133,-2.8822083473205566],"target":[8.484230041503906,4.002283096313477,-3.931440830230713]}
