{"position":[3.7065069675445557,-1.451979398727417,3.1476383209228516],"target":[4.476348876953125,4.251979827880859,3.826345920562744]}
