{"position":[2.0624866485595703,-102.84957885742188,37.3574104309082],"target":[-33.558868408203125,126.4495849609375,16.541820526123047]}
