{"asdadd0":{"imageFilePath_":"Images/TT.png","isVisible_":true,"layerNumber_":3,"objectName_":"asdadd0","position_":[-0.5199999809265137,0.3799999952316284,0.0],"rotate_":[0.0,0.0,0.0],"scale_":[0.05000000074505806,0.05000000074505806,1.0],"type_":2},"asdadd1":{"imageFilePath_":"Images/TT.png","isVisible_":true,"layerNumber_":4,"objectName_":"asdadd1","position_":[-0.41999998688697815,0.3799999952316284,0.0],"rotate_":[0.0,0.0,0.0],"scale_":[0.05000000074505806,0.05000000074505806,1.0],"type_":2},"asdadd2":{"imageFilePath_":"Images/TT.png","isVisible_":true,"layerNumber_":5,"objectName_":"asdadd2","position_":[-0.5199999809265137,0.2800000011920929,0.0],"rotate_":[0.0,0.0,0.0],"scale_":[0.05000000074505806,0.05000000074505806,1.0],"type_":2},"asdadd3":{"imageFilePath_":"Images/TT.png","isVisible_":true,"layerNumber_":6,"objectName_":"asdadd3","position_":[-0.41999998688697815,0.2800000011920929,0.0],"rotate_":[0.0,0.0,0.0],"scale_":[0.05000000074505806,0.05000000074505806,1.0],"type_":2},"asdadd4":{"imageFilePath_":"Images/TT.png","isVisible_":true,"layerNumber_":7,"objectName_":"asdadd4","position_":[-0.5199999809265137,0.18000000715255737,0.0],"rotate_":[0.0,0.0,0.0],"scale_":[0.05000000074505806,0.05000000074505806,1.0],"type_":2},"asdadd5":{"imageFilePath_":"Images/TT.png","isVisible_":true,"layerNumber_":8,"objectName_":"asdadd5","position_":[-0.41999998688697815,0.18000000715255737,0.0],"rotate_":[0.0,0.0,0.0],"scale_":[0.05000000074505806,0.05000000074505806,1.0],"type_":2}}
