{"EnemyName":"","EnemyNum":26,"ModelPath":"","RANGE_TYPE":1,"RadiusX":0.18000000715255737,"RadiusY":0.6700000166893005,"RadiusZ":0.44999998807907104}
